Label,Area,Circ.,AR,Round,Solidity
(1) LMTK 0%,116,0.162,1.874,0.534,0.325
(1) LMTK 0%,104,0.459,1.125,0.889,0.707
(1) LMTK 0%,112,0.251,1.834,0.545,0.478
(1) LMTK 0%,316,0.071,2.178,0.459,0.285
(1) LMTK 0%,109,0.269,4.776,0.209,0.701
(1) LMTK 0%,147,0.147,3.053,0.328,0.386
(1) LMTK 0%,138,0.170,1.584,0.631,0.428
(1) LMTK 0%,275,0.073,3.261,0.307,0.278
(1) LMTK 0%,135,0.079,3.605,0.277,0.299
(1) LMTK 0%,306,0.097,1.934,0.517,0.344
(1) LMTK 0%,102,0.339,3.125,0.320,0.604
(1) LMTK 0%,114,0.157,3.025,0.331,0.390
(1) LMTK 0%,281,0.151,1.987,0.503,0.496
(1) LMTK 0%,144,0.153,2.277,0.439,0.424
(1) LMTK 0%,129,0.180,1.550,0.645,0.465
(1) LMTK 0%,108,0.132,2.813,0.356,0.334
(1) LMTK 0%,180,0.144,2.231,0.448,0.511
(1) LMTK 0%,122,0.314,2.188,0.457,0.634
(1) LMTK 0%,146,0.372,1.364,0.733,0.656
(1) LMTK 0%,123,0.191,4.507,0.222,0.438
(1) LMTK 0%,228,0.115,1.470,0.680,0.332
(1) LMTK 0%,323,0.077,3.521,0.284,0.306
(1) LMTK 0%,216,0.088,1.860,0.538,0.283
(1) LMTK 0%,182,0.074,5.419,0.185,0.238
(1) LMTK 0%,115,0.159,4.046,0.247,0.411
(1) LMTK 0%,131,0.274,1.806,0.554,0.469
(1) LMTK 0%,107,0.385,2.879,0.347,0.675
(1) LMTK 0%,174,0.179,2.518,0.397,0.439
(1) LMTK 0%,131,0.156,2.618,0.382,0.389
(1) LMTK 0%,104,0.126,5.246,0.191,0.418
(1) LMTK 0%,214,0.114,1.798,0.556,0.472
(1) LMTK 0%,160,0.112,3.481,0.287,0.319
(1) LMTK 0%,113,0.157,3.039,0.329,0.431
(1) LMTK 0%,132,0.525,1.079,0.927,0.746
(1) LMTK 0%,105,0.208,3.398,0.294,0.459
(1) LMTK 0%,178,0.165,1.502,0.666,0.397
(1) LMTK 0%,111,0.209,2.538,0.394,0.497
(1) LMTK 0%,182,0.096,2.797,0.358,0.310
(1) LMTK 0%,124,0.160,5.054,0.198,0.510
(1) LMTK 0%,117,0.154,5.770,0.173,0.609
(1) LMTK 0%,275,0.063,1.402,0.713,0.296
(1) LMTK 0%,123,0.203,2.287,0.437,0.442
(1) LMTK 0%,118,0.172,4.297,0.233,0.483
(1) LMTK 0%,553,0.055,1.529,0.654,0.351
(1) LMTK 0%,108,0.161,4.772,0.210,0.408
(1) LMTK 0%,250,0.059,3.792,0.264,0.202
(1) LMTK 0%,138,0.143,1.055,0.948,0.346
(1) LMTK 0%,142,0.146,6.516,0.153,0.382
(1) LMTK 0%,111,0.163,1.951,0.513,0.416
(1) LMTK 0%,265,0.160,2.486,0.402,0.438
(1) LMTK 0%,103,0.195,2.836,0.353,0.468
(1) LMTK 0%,112,0.296,3.547,0.282,0.615
(1) LMTK 0%,146,0.150,8.471,0.118,0.531
(1) LMTK 0%,195,0.135,3.192,0.313,0.355
(1) LMTK 0%,136,0.205,1.085,0.921,0.469
(1) LMTK 0%,170,0.155,3.116,0.321,0.433
(1) LMTK 0%,116,0.208,2.458,0.407,0.477
(1) LMTK 0%,249,0.073,1.668,0.599,0.277
(1) LMTK 0%,107,0.146,4.837,0.207,0.341
(1) LMTK 0%,173,0.115,2.178,0.459,0.311
(1) LMTK 0%,138,0.234,2.003,0.499,0.470
(1) LMTK 0%,154,0.196,2.053,0.487,0.484
(1) LMTK 0%,107,0.216,3.018,0.331,0.412
(1) LMTK 0%,114,0.153,1.979,0.505,0.379
(1) LMTK 0%,109,0.221,1.234,0.810,0.500
(1) LMTK 0%,399,0.121,1.387,0.721,0.484
(1) LMTK 0%,143,0.182,2.904,0.344,0.465
(1) LMTK 0%,118,0.182,1.175,0.851,0.439
(1) LMTK 0%,121,0.107,5.079,0.197,0.298
(1) LMTK 0%,132,0.131,4.266,0.234,0.494
(1) LMTK 0%,113,0.120,2.365,0.423,0.304
(1) LMTK 0%,133,0.186,2.353,0.425,0.441
(1) LMTK 0%,119,0.197,2.371,0.422,0.498
(1) LMTK 0%,124,0.153,3.310,0.302,0.371
(1) LMTK 0%,115,0.149,1.310,0.764,0.402
(1) LMTK 0%,125,0.134,3.262,0.307,0.397
(1) LMTK 0%,129,0.161,2.080,0.481,0.385
(1) LMTK 0%,150,0.177,1.707,0.586,0.472
(1) LMTK 0%,105,0.293,2.150,0.465,0.612
(1) LMTK 0%,185,0.248,1.632,0.613,0.667
(1) LMTK 0%,138,0.373,1.987,0.503,0.622
(1) LMTK 0%,191,0.112,1.543,0.648,0.336
(1) LMTK 0%,112,0.287,2.335,0.428,0.517
(1) LMTK 0%,148,0.088,1.757,0.569,0.282
(1) LMTK 0%,107,0.197,1.388,0.720,0.436
(1) LMTK 0%,117,0.277,1.930,0.518,0.611
(1) LMTK 0%,238,0.080,1.611,0.621,0.309
(1) LMTK 0%,122,0.217,2.077,0.481,0.426
(1) LMTK 0%,107,0.229,4.310,0.232,0.565
(1) LMTK 0%,144,0.094,5.109,0.196,0.277
(1) LMTK 0%,227,0.066,1.305,0.766,0.270
(1) LMTK 0%,130,0.098,2.375,0.421,0.284
(1) LMTK 0%,110,0.098,3.203,0.312,0.316
(1) LMTK 0%,107,0.150,1.301,0.768,0.365
(1) LMTK 0%,105,0.093,1.445,0.692,0.232
(1) LMTK 0%,167,0.082,3.227,0.310,0.283
(1) LMTK 0%,101,0.173,1.221,0.819,0.363
(1) LMTK 0%,142,0.083,1.865,0.536,0.289
(1) LMTK 0%,157,0.171,3.807,0.263,0.452
(1) LMTK 0%,261,0.102,2.229,0.449,0.500
(1) LMTK 0%,346,0.096,1.689,0.592,0.500
(1) LMTK 0%,139,0.237,2.802,0.357,0.619
(1) LMTK 0%,223,0.090,1.851,0.540,0.275
(1) LMTK 0%,103,0.179,3.590,0.279,0.446
(1) LMTK 0%,120,0.161,2.771,0.361,0.418
(1) LMTK 0%,101,0.211,3.920,0.255,0.442
(1) LMTK 0%,110,0.120,1.723,0.580,0.271
(1) LMTK 0%,104,0.163,1.663,0.601,0.366
(1) LMTK 0%,153,0.087,3.017,0.331,0.378
(1) LMTK 0%,146,0.092,1.558,0.642,0.342
(1) LMTK 0%,102,0.234,1.389,0.720,0.474
(1) LMTK 0%,180,0.129,1.795,0.557,0.396
(1) LMTK 0%,153,0.134,2.660,0.376,0.380
(1) LMTK 0%,156,0.253,1.278,0.783,0.552
(1) LMTK 0%,106,0.265,2.209,0.453,0.652
(1) LMTK 0%,106,0.262,4.353,0.230,0.601
(1) LMTK 0%,267,0.117,4.611,0.217,0.307
(1) LMTK 0%,108,0.206,2.008,0.498,0.392
(1) LMTK 0%,178,0.231,1.370,0.730,0.572
(1) LMTK 0%,110,0.221,3.919,0.255,0.582
(1) LMTK 0%,104,0.148,3.246,0.308,0.354
(1) LMTK 0%,138,0.151,3.501,0.286,0.360
(1) LMTK 0%,119,0.266,3.144,0.318,0.541
(1) LMTK 0%,115,0.159,3.895,0.257,0.362
(1) LMTK 0%,133,0.166,2.310,0.433,0.368
(1) LMTK 0%,174,0.122,2.573,0.389,0.314
(1) LMTK 0%,138,0.410,1.303,0.767,0.736
(1) LMTK 0%,210,0.154,5.591,0.179,0.397
(1) LMTK 0%,132,0.131,2.837,0.353,0.343
(1) LMTK 0%,100,0.294,1.950,0.513,0.524
(1) LMTK 0%,104,0.160,4.162,0.240,0.472
(1) LMTK 0%,100,0.209,3.054,0.327,0.439
(1) LMTK 0%,111,0.165,1.128,0.886,0.398
(1) LMTK 0%,100,0.288,1.647,0.607,0.504
(1) LMTK 0%,106,0.157,1.834,0.545,0.351
(1) LMTK 0%,156,0.168,2.038,0.491,0.397
(1) LMTK 0%,134,0.177,2.283,0.438,0.475
(1) LMTK 0%,315,0.144,2.294,0.436,0.518
(1) LMTK 0%,184,0.229,2.989,0.335,0.539
(1) LMTK 0%,125,0.165,3.197,0.313,0.361
(1) LMTK 0%,123,0.206,2.411,0.415,0.426
(1) LMTK 0%,110,0.417,1.289,0.776,0.657
(1) LMTK 0%,100,0.146,5.504,0.182,0.427
(1) LMTK 0%,237,0.082,2.194,0.456,0.296
(1) LMTK 0%,139,0.179,1.436,0.696,0.493
(1) LMTK 0%,215,0.115,1.563,0.640,0.432
(1) LMTK 0%,150,0.128,3.279,0.305,0.373
(1) LMTK 0%,192,0.178,2.203,0.454,0.475
(1) LMTK 0%,119,0.222,4.134,0.242,0.565
(1) LMTK 0%,342,0.132,1.548,0.646,0.433
(1) LMTK 0%,217,0.294,1.979,0.505,0.725
(1) LMTK 0%,339,0.329,1.224,0.817,0.792
(1) LMTK 0%,138,0.127,5.390,0.186,0.488
(1) LMTK 0%,183,0.125,2.012,0.497,0.365
(1) LMTK 0%,154,0.125,3.873,0.258,0.295
(1) LMTK 0%,120,0.248,2.759,0.362,0.566
(1) LMTK 0%,172,0.102,2.627,0.381,0.260
(1) LMTK 0%,105,0.106,7.287,0.137,0.381
(1) LMTK 0%,146,0.103,2.016,0.496,0.313
(1) LMTK 0%,145,0.207,2.533,0.395,0.501
(1) LMTK 0%,325,0.094,1.689,0.592,0.396
(1) LMTK 0%,244,0.124,1.711,0.584,0.399
(1) LMTK 0%,143,0.160,1.452,0.689,0.450
(1) LMTK 0%,242,0.084,3.085,0.324,0.313
(1) LMTK 0%,225,0.074,4.154,0.241,0.278
(1) LMTK 0%,100,0.148,2.653,0.377,0.390
(1) LMTK 0%,151,0.143,2.905,0.344,0.389
(1) LMTK 0%,100,0.171,1.493,0.670,0.412
(1) LMTK 0%,134,0.092,2.815,0.355,0.273
(1) LMTK 0%,178,0.155,4.298,0.233,0.409
(1) LMTK 0%,105,0.222,1.792,0.558,0.419
(1) LMTK 0%,166,0.107,2.698,0.371,0.379
(1) LMTK 0%,110,0.250,3.096,0.323,0.545
(1) LMTK 0%,102,0.377,1.815,0.551,0.678
(1) LMTK 0%,104,0.204,1.460,0.685,0.437
(1) LMTK 0%,157,0.154,2.041,0.490,0.525
(1) LMTK 0%,168,0.103,2.036,0.491,0.381
(1) LMTK 0%,251,0.102,1.916,0.522,0.334
(1) LMTK 0%,113,0.143,1.763,0.567,0.333
(1) LMTK 0%,101,0.303,2.083,0.480,0.567
(1) LMTK 0%,127,0.136,3.086,0.324,0.310
(1) LMTK 0%,396,0.289,1.080,0.926,0.764
(1) LMTK 0%,114,0.130,3.963,0.252,0.409
(1) LMTK 0%,165,0.115,3.316,0.302,0.395
(1) LMTK 0%,103,0.299,2.148,0.466,0.574
(1) LMTK 0%,109,0.127,2.567,0.390,0.282
(1) LMTK 0%,415,0.447,1.117,0.895,0.830
(1) LMTK 0%,182,0.091,4.097,0.244,0.328
(1) LMTK 0%,125,0.446,1.287,0.777,0.758
(1) LMTK 0%,131,0.148,2.931,0.341,0.399
(1) LMTK 0%,204,0.172,2.476,0.404,0.422
(1) LMTK 0%,131,0.251,1.386,0.722,0.581
(1) LMTK 0%,134,0.156,5.401,0.185,0.476
(1) LMTK 0%,107,0.336,1.352,0.740,0.588
(1) LMTK 0%,111,0.173,2.913,0.343,0.337
(1) LMTK 0%,115,0.132,3.488,0.287,0.353
(1) LMTK 0%,151,0.174,1.764,0.567,0.592
(1) LMTK 0%,125,0.660,1.186,0.843,0.828
(1) LMTK 0%,171,0.100,2.214,0.452,0.353
(1) LMTK 0%,136,0.137,2.711,0.369,0.415
(1) LMTK 0%,105,0.117,1.619,0.618,0.475
(1) LMTK 0%,101,0.135,2.894,0.346,0.328
(1) LMTK 0%,155,0.311,2.055,0.487,0.668
(1) LMTK 0%,158,0.121,5.055,0.198,0.390
(1) LMTK 0%,134,0.102,4.776,0.209,0.273
(1) LMTK 0%,235,0.123,3.085,0.324,0.443
(1) LMTK 0%,187,0.088,1.452,0.689,0.344
(1) LMTK 0%,111,0.141,1.315,0.760,0.335
(1) LMTK 0%,242,0.067,1.538,0.650,0.251
(1) LMTK 0%,106,0.157,2.071,0.483,0.477
(1) LMTK 0%,105,0.195,2.053,0.487,0.453
(1) LMTK 0%,145,0.149,3.873,0.258,0.545
(1) LMTK 0%,123,0.094,1.942,0.515,0.250
(1) LMTK 0%,234,0.091,1.596,0.627,0.363
(1) LMTK 0%,194,0.092,3.279,0.305,0.290
(1) LMTK 0%,166,0.098,3.020,0.331,0.397
(1) LMTK 0%,159,0.128,1.744,0.573,0.378
(1) LMTK 0%,147,0.126,2.516,0.398,0.301
(1) LMTK 0%,107,0.270,1.915,0.522,0.545
(1) LMTK 0%,110,0.164,2.261,0.442,0.439
(1) LMTK 0%,161,0.215,2.538,0.394,0.508
(1) LMTK 0%,144,0.258,2.301,0.435,0.729
(1) LMTK 0%,322,0.102,1.914,0.522,0.286
(1) LMTK 0%,121,0.219,3.020,0.331,0.603
(1) LMTK 0%,124,0.081,2.050,0.488,0.194
(1) LMTK 0%,693,0.067,1.178,0.849,0.392
(1) LMTK 0%,149,0.110,3.243,0.308,0.290
(1) LMTK 0%,100,0.221,1.947,0.514,0.488
(1) LMTK 0%,103,0.288,1.554,0.643,0.571
(1) LMTK 0%,165,0.067,1.223,0.818,0.339
(1) LMTK 0%,185,0.072,1.370,0.730,0.362
(1) LMTK 0%,127,0.248,2.265,0.441,0.651
(1) LMTK 0%,131,0.155,2.693,0.371,0.361
(1) LMTK 0%,100,0.114,2.983,0.335,0.350
(1) LMTK 0%,117,0.150,1.774,0.564,0.469
(1) LMTK 0%,110,0.206,2.606,0.384,0.549
(1) LMTK 0%,111,0.099,2.889,0.346,0.327
(1) LMTK 0%,128,0.166,1.194,0.838,0.427
(1) LMTK 0%,120,0.281,1.962,0.510,0.518
(1) LMTK 0%,116,0.294,1.900,0.526,0.525
(1) LMTK 0%,151,0.081,2.970,0.337,0.283
(1) LMTK 0%,110,0.257,1.535,0.652,0.685
(1) LMTK 0%,103,0.224,1.433,0.698,0.530
(1) LMTK 0%,234,0.055,2.053,0.487,0.307
(1) LMTK 0%,119,0.205,1.139,0.878,0.572
(1) LMTK 0%,137,0.318,1.832,0.546,0.593
(1) LMTK 0%,104,0.175,3.420,0.292,0.426
(1) LMTK 0%,153,0.155,2.269,0.441,0.371
(1) LMTK 0%,126,0.228,2.649,0.377,0.500
(1) LMTK 0%,164,0.113,2.183,0.458,0.454
(1) LMTK 0%,105,0.155,4.253,0.235,0.382
(1) LMTK 0%,112,0.282,1.309,0.764,0.563
(1) LMTK 0%,133,0.209,1.648,0.607,0.535
(1) LMTK 0%,106,0.129,3.320,0.301,0.375
(1) LMTK 0%,100,0.257,1.751,0.571,0.592
(1) LMTK 0%,316,0.140,2.172,0.460,0.451
(1) LMTK 0%,183,0.119,1.876,0.533,0.447
(1) LMTK 0%,106,0.206,4.750,0.211,0.652
(1) LMTK 0%,105,0.217,2.078,0.481,0.568
(1) LMTK 0%,105,0.285,3.052,0.328,0.534
(1) LMTK 0%,210,0.119,1.948,0.513,0.448
(1) LMTK 0%,102,0.170,2.981,0.336,0.499
(1) LMTK 0%,137,0.312,1.679,0.596,0.573
(1) LMTK 0%,199,0.111,1.399,0.715,0.391
(1) LMTK 0%,104,0.135,4.225,0.237,0.395
(1) LMTK 0%,105,0.168,5.153,0.194,0.416
(1) LMTK 0%,245,0.086,1.961,0.510,0.424
(1) LMTK 0%,111,0.197,3.920,0.255,0.482
(1) LMTK 0%,108,0.290,1.502,0.666,0.520
(1) LMTK 0%,116,0.274,2.654,0.377,0.625
(1) LMTK 0%,148,0.119,3.998,0.250,0.282
(1) LMTK 0%,141,0.177,2.894,0.346,0.463
(1) LMTK 0%,206,0.112,5.181,0.193,0.406
(1) LMTK 0%,112,0.171,2.877,0.348,0.477
(1) LMTK 0%,105,0.105,1.326,0.754,0.235
(1) LMTK 0%,204,0.090,3.591,0.278,0.297
(1) LMTK 0%,199,0.155,2.449,0.408,0.491
(1) LMTK 0%,422,0.093,2.182,0.458,0.405
(1) LMTK 0%,108,0.156,2.363,0.423,0.402
(1) LMTK 0%,207,0.093,7.303,0.137,0.389
(1) LMTK 0%,118,0.109,7.148,0.140,0.350
(1) LMTK 0%,193,0.118,1.530,0.654,0.376
(1) LMTK 0%,210,0.100,2.410,0.415,0.498
(1) LMTK 0%,101,0.109,2.444,0.409,0.279
(1) LMTK 0%,109,0.187,2.552,0.392,0.527
(1) LMTK 0%,140,0.112,3.943,0.254,0.266
(1) LMTK 0%,101,0.119,1.624,0.616,0.391
(1) LMTK 0%,106,0.260,1.548,0.646,0.587
(1) LMTK 0%,100,0.163,2.256,0.443,0.477
(1) LMTK 0%,169,0.182,1.318,0.759,0.571
(1) LMTK 0%,100,0.281,2.445,0.409,0.637
(1) LMTK 0%,157,0.096,2.868,0.349,0.263
(1) LMTK 0%,137,0.165,2.567,0.390,0.442
(1) LMTK 0%,118,0.127,2.215,0.452,0.357
(1) LMTK 0%,122,0.360,1.505,0.665,0.644
(1) LMTK 0%,225,0.086,1.942,0.515,0.339
(1) LMTK 0%,100,0.219,4.132,0.242,0.514
(1) LMTK 0%,162,0.118,1.676,0.597,0.371
(1) LMTK 0%,100,0.125,1.672,0.598,0.461
(1) LMTK 0%,107,0.135,1.311,0.763,0.419
(1) LMTK 0%,140,0.207,1.800,0.556,0.581
(1) LMTK 0%,107,0.189,1.257,0.795,0.477
(1) LMTK 0%,101,0.215,2.260,0.442,0.502
(1) LMTK 0%,106,0.186,3.206,0.312,0.438
(1) LMTK 0%,102,0.239,1.691,0.591,0.489
(1) LMTK 0%,109,0.155,1.683,0.594,0.524
(1) LMTK 0%,227,0.108,2.668,0.375,0.368
(1) LMTK 0%,196,0.090,2.555,0.391,0.325
(1) LMTK 0%,139,0.185,1.273,0.786,0.534
(1) LMTK 0%,101,0.235,2.316,0.432,0.544
(1) LMTK 0%,137,0.123,3.102,0.322,0.346
(1) LMTK 0%,104,0.129,1.113,0.899,0.451
(1) LMTK 0%,106,0.212,2.181,0.459,0.410
(1) LMTK 0%,105,0.307,2.921,0.342,0.605
(1) LMTK 0%,121,0.164,3.668,0.273,0.357
(2) LMTK 1%,108,0.231,2.310,0.433,0.633
(2) LMTK 1%,129,0.204,3.131,0.319,0.513
(2) LMTK 1%,214,0.116,1.283,0.779,0.481
(2) LMTK 1%,115,0.357,2.401,0.417,0.560
(2) LMTK 1%,123,0.506,1.185,0.844,0.762
(2) LMTK 1%,526,0.065,1.249,0.801,0.468
(2) LMTK 1%,153,0.641,1.309,0.764,0.791
(2) LMTK 1%,117,0.334,1.907,0.525,0.655
(2) LMTK 1%,151,0.216,1.521,0.657,0.530
(2) LMTK 1%,118,0.195,2.194,0.456,0.544
(2) LMTK 1%,100,0.379,1.147,0.872,0.649
(2) LMTK 1%,102,0.248,3.142,0.318,0.505
(2) LMTK 1%,102,0.326,3.686,0.271,0.628
(2) LMTK 1%,142,0.144,1.283,0.780,0.432
(2) LMTK 1%,121,0.199,1.882,0.531,0.505
(2) LMTK 1%,102,0.466,1.601,0.625,0.747
(2) LMTK 1%,154,0.202,2.918,0.343,0.454
(2) LMTK 1%,109,0.443,1.213,0.824,0.710
(2) LMTK 1%,141,0.189,1.890,0.529,0.549
(2) LMTK 1%,165,0.217,3.139,0.319,0.467
(2) LMTK 1%,103,0.240,1.295,0.772,0.667
(2) LMTK 1%,144,0.167,1.162,0.861,0.575
(2) LMTK 1%,122,0.144,2.013,0.497,0.403
(2) LMTK 1%,121,0.246,2.151,0.465,0.539
(2) LMTK 1%,148,0.292,1.492,0.670,0.638
(2) LMTK 1%,133,0.238,1.484,0.674,0.587
(2) LMTK 1%,100,0.509,1.300,0.769,0.752
(2) LMTK 1%,115,0.126,1.458,0.686,0.397
(2) LMTK 1%,107,0.310,1.260,0.794,0.603
(2) LMTK 1%,126,0.237,1.299,0.770,0.547
(2) LMTK 1%,127,0.209,2.478,0.404,0.583
(2) LMTK 1%,110,0.243,1.563,0.640,0.587
(2) LMTK 1%,139,0.279,1.243,0.805,0.644
(2) LMTK 1%,114,0.314,1.431,0.699,0.665
(2) LMTK 1%,111,0.318,2.638,0.379,0.586
(2) LMTK 1%,110,0.382,1.715,0.583,0.608
(2) LMTK 1%,117,0.750,1.058,0.945,0.812
(2) LMTK 1%,170,0.126,1.920,0.521,0.468
(2) LMTK 1%,294,0.688,1.402,0.713,0.860
(2) LMTK 1%,101,0.279,1.267,0.789,0.635
(2) LMTK 1%,100,0.210,1.834,0.545,0.491
(2) LMTK 1%,106,0.190,3.520,0.284,0.460
(2) LMTK 1%,293,0.735,1.374,0.728,0.888
(2) LMTK 1%,110,0.245,2.502,0.400,0.533
(2) LMTK 1%,149,0.134,2.427,0.412,0.374
(2) LMTK 1%,117,0.309,2.595,0.385,0.652
(2) LMTK 1%,127,0.133,1.291,0.774,0.431
(2) LMTK 1%,113,0.253,2.440,0.410,0.553
(2) LMTK 1%,128,0.129,1.439,0.695,0.455
(2) LMTK 1%,138,0.440,1.435,0.697,0.726
(2) LMTK 1%,113,0.177,1.473,0.679,0.499
(2) LMTK 1%,192,0.312,1.356,0.737,0.743
(2) LMTK 1%,784,0.424,1.755,0.570,0.792
(2) LMTK 1%,123,0.722,1.110,0.901,0.888
(2) LMTK 1%,109,0.261,1.137,0.879,0.520
(2) LMTK 1%,341,0.102,1.643,0.609,0.431
(2) LMTK 1%,261,0.094,1.286,0.778,0.485
(2) LMTK 1%,118,0.367,1.565,0.639,0.645
(2) LMTK 1%,136,0.140,2.696,0.371,0.393
(2) LMTK 1%,126,0.144,1.271,0.787,0.407
(2) LMTK 1%,102,0.388,1.577,0.634,0.654
(2) LMTK 1%,101,0.539,1.230,0.813,0.724
(2) LMTK 1%,146,0.136,1.722,0.581,0.441
(2) LMTK 1%,119,0.290,1.037,0.965,0.563
(2) LMTK 1%,140,0.237,1.723,0.580,0.611
(2) LMTK 1%,128,0.151,1.940,0.515,0.485
(2) LMTK 1%,131,0.272,1.984,0.504,0.679
(2) LMTK 1%,107,0.298,3.159,0.317,0.635
(2) LMTK 1%,102,0.249,1.570,0.637,0.667
(3) LMTK 2%,181,0.256,1.401,0.714,0.669
(3) LMTK 2%,155,0.198,1.363,0.734,0.546
(3) LMTK 2%,116,0.116,2.828,0.354,0.346
(3) LMTK 2%,153,0.223,2.492,0.401,0.509
(3) LMTK 2%,233,0.092,2.261,0.442,0.394
(3) LMTK 2%,101,0.247,2.381,0.420,0.526
(3) LMTK 2%,105,0.117,1.785,0.560,0.361
(3) LMTK 2%,107,0.177,1.694,0.590,0.534
(3) LMTK 2%,107,0.243,2.119,0.472,0.525
(3) LMTK 2%,105,0.148,1.626,0.615,0.295
(3) LMTK 2%,141,0.275,1.837,0.544,0.662
(3) LMTK 2%,121,0.128,2.609,0.383,0.519
(3) LMTK 2%,101,0.213,1.731,0.578,0.521
(3) LMTK 2%,162,0.108,2.250,0.444,0.400
(3) LMTK 2%,104,0.216,1.233,0.811,0.487
(3) LMTK 2%,108,0.158,4.594,0.218,0.440
(3) LMTK 2%,112,0.190,1.794,0.557,0.532
(3) LMTK 2%,111,0.187,4.986,0.201,0.461
(3) LMTK 2%,106,0.294,2.554,0.392,0.599
(3) LMTK 2%,114,0.274,2.395,0.418,0.598
(3) LMTK 2%,103,0.228,2.768,0.361,0.541
(3) LMTK 2%,177,0.257,2.981,0.335,0.644
(3) LMTK 2%,102,0.411,1.411,0.709,0.669
(3) LMTK 2%,155,0.356,2.014,0.497,0.664
(3) LMTK 2%,120,0.197,2.031,0.492,0.578
(3) LMTK 2%,128,0.565,1.143,0.875,0.821
(3) LMTK 2%,112,0.253,2.584,0.387,0.559
(3) LMTK 2%,323,0.405,1.221,0.819,0.809
(3) LMTK 2%,114,0.287,3.180,0.314,0.702
(3) LMTK 2%,116,0.342,2.668,0.375,0.619
(3) LMTK 2%,103,0.187,2.586,0.387,0.410
(3) LMTK 2%,108,0.235,1.681,0.595,0.562
(3) LMTK 2%,247,0.119,1.384,0.722,0.402
(3) LMTK 2%,101,0.260,1.521,0.657,0.508
(3) LMTK 2%,121,0.404,2.526,0.396,0.716
(3) LMTK 2%,102,0.259,1.568,0.638,0.533
(3) LMTK 2%,211,0.230,2.238,0.447,0.540
(3) LMTK 2%,104,0.364,1.337,0.748,0.703
(3) LMTK 2%,170,0.170,1.554,0.644,0.548
(3) LMTK 2%,239,0.132,1.934,0.517,0.556
(3) LMTK 2%,107,0.361,1.587,0.630,0.639
(3) LMTK 2%,134,0.151,1.886,0.530,0.305
(3) LMTK 2%,153,0.255,2.061,0.485,0.667
(3) LMTK 2%,199,0.097,1.603,0.624,0.437
(3) LMTK 2%,128,0.216,2.467,0.405,0.432
(3) LMTK 2%,123,0.246,1.547,0.646,0.504
(3) LMTK 2%,104,0.171,1.976,0.506,0.434
(3) LMTK 2%,125,0.237,1.903,0.526,0.492
(3) LMTK 2%,112,0.208,2.032,0.492,0.604
(3) LMTK 2%,103,0.320,3.997,0.250,0.609
(3) LMTK 2%,102,0.160,1.859,0.538,0.403
(3) LMTK 2%,108,0.194,1.902,0.526,0.637
(3) LMTK 2%,125,0.166,1.555,0.643,0.532
(3) LMTK 2%,153,0.138,2.836,0.353,0.388
(3) LMTK 2%,378,0.071,2.838,0.352,0.329
(3) LMTK 2%,123,0.111,1.816,0.551,0.348
(3) LMTK 2%,125,0.189,2.748,0.364,0.474
(3) LMTK 2%,124,0.173,1.723,0.580,0.544
(3) LMTK 2%,101,0.166,1.098,0.911,0.510
(3) LMTK 2%,213,0.177,1.018,0.982,0.548
(3) LMTK 2%,151,0.247,2.291,0.437,0.602
(3) LMTK 2%,110,0.232,1.934,0.517,0.577
(3) LMTK 2%,285,0.246,1.263,0.792,0.591
(3) LMTK 2%,154,0.184,2.756,0.363,0.472
(3) LMTK 2%,138,0.471,1.383,0.723,0.798
(3) LMTK 2%,107,0.261,1.291,0.775,0.566
(3) LMTK 2%,117,0.253,1.344,0.744,0.571
(3) LMTK 2%,100,0.173,1.966,0.509,0.487
(3) LMTK 2%,115,0.218,3.434,0.291,0.481
(3) LMTK 2%,120,0.236,2.234,0.448,0.505
(3) LMTK 2%,124,0.333,1.443,0.693,0.773
(3) LMTK 2%,125,0.307,1.378,0.726,0.656
(3) LMTK 2%,136,0.165,1.494,0.669,0.480
(3) LMTK 2%,106,0.276,3.878,0.258,0.656
(3) LMTK 2%,107,0.226,1.820,0.549,0.519
(3) LMTK 2%,192,0.139,1.062,0.942,0.460
(3) LMTK 2%,126,0.198,2.617,0.382,0.466
(3) LMTK 2%,110,0.309,1.459,0.685,0.604
(3) LMTK 2%,237,0.155,1.479,0.676,0.440
(3) LMTK 2%,103,0.205,1.795,0.557,0.498
(3) LMTK 2%,124,0.135,1.953,0.512,0.361
(3) LMTK 2%,110,0.193,1.507,0.664,0.601
(3) LMTK 2%,110,0.327,2.833,0.353,0.665
(3) LMTK 2%,230,0.093,1.853,0.540,0.401
(3) LMTK 2%,120,0.172,1.269,0.788,0.563
(3) LMTK 2%,105,0.324,2.803,0.357,0.691
(3) LMTK 2%,104,0.268,2.760,0.362,0.588
(3) LMTK 2%,115,0.169,3.899,0.256,0.545
(3) LMTK 2%,115,0.136,6.468,0.155,0.497
(3) LMTK 2%,143,0.168,2.907,0.344,0.413
(3) LMTK 2%,107,0.522,1.318,0.759,0.759
(3) LMTK 2%,106,0.206,4.205,0.238,0.558
(3) LMTK 2%,205,0.548,1.361,0.735,0.771
(4) LMTK 5%,102,0.281,2.190,0.457,0.622
(4) LMTK 5%,100,0.344,1.269,0.788,0.602
(4) LMTK 5%,110,0.300,2.673,0.374,0.649
(4) LMTK 5%,129,0.143,1.863,0.537,0.443
(4) LMTK 5%,158,0.267,2.697,0.371,0.498
(4) LMTK 5%,136,0.413,1.583,0.632,0.766
(4) LMTK 5%,142,0.138,1.551,0.645,0.476
(4) LMTK 5%,124,0.423,1.159,0.863,0.785
(4) LMTK 5%,107,0.380,1.271,0.787,0.730
(4) LMTK 5%,161,0.193,1.418,0.705,0.538
(4) LMTK 5%,631,0.060,1.327,0.753,0.481
(4) LMTK 5%,119,0.426,1.784,0.561,0.686
(4) LMTK 5%,114,0.264,2.660,0.376,0.628
(4) LMTK 5%,106,0.178,1.898,0.527,0.424
(4) LMTK 5%,133,0.191,2.518,0.397,0.573
(4) LMTK 5%,147,0.458,1.134,0.882,0.766
(4) LMTK 5%,108,0.295,1.534,0.652,0.598
(4) LMTK 5%,137,0.126,2.193,0.456,0.335
(4) LMTK 5%,176,0.385,1.025,0.976,0.657
(4) LMTK 5%,142,0.172,1.180,0.848,0.549
(4) LMTK 5%,109,0.457,2.030,0.493,0.703
(4) LMTK 5%,344,0.107,1.747,0.572,0.510
(4) LMTK 5%,127,0.237,1.876,0.533,0.591
(4) LMTK 5%,142,0.183,2.016,0.496,0.620
(4) LMTK 5%,236,0.139,2.643,0.378,0.515
(4) LMTK 5%,173,0.355,1.094,0.914,0.713
(4) LMTK 5%,147,0.306,1.709,0.585,0.643
(4) LMTK 5%,122,0.160,2.913,0.343,0.384
(4) LMTK 5%,164,0.173,2.177,0.459,0.581
(4) LMTK 5%,116,0.215,1.689,0.592,0.573
(4) LMTK 5%,141,0.530,1.286,0.778,0.775
(4) LMTK 5%,100,0.163,1.893,0.528,0.543
(4) LMTK 5%,182,0.180,1.961,0.510,0.630
(4) LMTK 5%,236,0.174,2.615,0.382,0.574
(4) LMTK 5%,143,0.297,1.688,0.593,0.627
(4) LMTK 5%,106,0.197,1.063,0.941,0.565
(4) LMTK 5%,101,0.383,1.529,0.654,0.682
(4) LMTK 5%,164,0.252,2.478,0.404,0.628
(4) LMTK 5%,239,0.133,1.258,0.795,0.606
(4) LMTK 5%,470,0.095,4.494,0.223,0.286
(4) LMTK 5%,101,0.288,1.348,0.742,0.656
(4) LMTK 5%,208,0.156,1.036,0.965,0.505
(4) LMTK 5%,120,0.246,4.132,0.242,0.537
(4) LMTK 5%,103,0.382,1.703,0.587,0.662
(4) LMTK 5%,196,0.156,1.628,0.614,0.508
(4) LMTK 5%,173,0.228,2.534,0.395,0.554
(4) LMTK 5%,101,0.314,1.512,0.661,0.616
(4) LMTK 5%,107,0.278,1.540,0.649,0.565
(4) LMTK 5%,210,0.251,1.293,0.773,0.519
(4) LMTK 5%,104,0.519,1.142,0.875,0.776
(4) LMTK 5%,178,0.376,1.764,0.567,0.702
(4) LMTK 5%,110,0.254,4.200,0.238,0.603
(4) LMTK 5%,113,0.255,1.075,0.930,0.577
(4) LMTK 5%,180,0.220,1.855,0.539,0.559
(4) LMTK 5%,103,0.246,2.614,0.383,0.606
(4) LMTK 5%,100,0.351,1.232,0.812,0.662
(4) LMTK 5%,106,0.402,1.656,0.604,0.760
(4) LMTK 5%,116,0.192,1.922,0.520,0.487
(4) LMTK 5%,122,0.331,1.636,0.611,0.724
(4) LMTK 5%,103,0.210,1.647,0.607,0.509
(4) LMTK 5%,145,0.229,2.652,0.377,0.572
(4) LMTK 5%,237,0.383,2.062,0.485,0.702
(4) LMTK 5%,130,0.154,2.714,0.368,0.433
(4) LMTK 5%,153,0.408,1.687,0.593,0.697
(4) LMTK 5%,152,0.419,1.595,0.627,0.758
(4) LMTK 5%,243,0.159,1.648,0.607,0.505
(4) LMTK 5%,125,0.242,2.834,0.353,0.631
(4) LMTK 5%,154,0.593,1.505,0.664,0.749
(4) LMTK 5%,101,0.219,2.122,0.471,0.560
(4) LMTK 5%,113,0.175,1.560,0.641,0.433
(4) LMTK 5%,100,0.218,1.502,0.666,0.478
(4) LMTK 5%,125,0.357,2.552,0.392,0.716
(4) LMTK 5%,104,0.209,1.792,0.558,0.491
(4) LMTK 5%,124,0.379,1.757,0.569,0.732
(4) LMTK 5%,107,0.180,1.436,0.697,0.475
(4) LMTK 5%,137,0.285,1.840,0.543,0.566
(4) LMTK 5%,121,0.386,1.419,0.705,0.676
(4) LMTK 5%,114,0.268,1.901,0.526,0.653
(4) LMTK 5%,166,0.191,1.473,0.679,0.551
(4) LMTK 5%,107,0.165,2.291,0.437,0.418
(4) LMTK 5%,100,0.247,2.368,0.422,0.643
(4) LMTK 5%,189,0.122,1.829,0.547,0.434
(4) LMTK 5%,113,0.196,1.573,0.636,0.520
(4) LMTK 5%,172,0.149,1.775,0.564,0.446
(4) LMTK 5%,132,0.266,1.465,0.682,0.644
(4) LMTK 5%,166,0.209,1.882,0.531,0.583
(4) LMTK 5%,130,0.483,1.072,0.933,0.730
(4) LMTK 5%,112,0.178,1.976,0.506,0.378
(4) LMTK 5%,100,0.230,2.036,0.491,0.536
(4) LMTK 5%,135,0.278,1.246,0.802,0.634
(4) LMTK 5%,123,0.363,1.554,0.644,0.647
(4) LMTK 5%,113,0.269,1.494,0.669,0.617
(4) LMTK 5%,109,0.180,1.880,0.532,0.446
(4) LMTK 5%,131,0.321,1.692,0.591,0.738
(4) LMTK 5%,120,0.342,2.276,0.439,0.694
(4) LMTK 5%,114,0.296,1.556,0.643,0.695
(4) LMTK 5%,111,0.397,1.331,0.751,0.592
(4) LMTK 5%,103,0.253,1.878,0.532,0.678
(4) LMTK 5%,123,0.325,1.194,0.837,0.743
(4) LMTK 5%,158,0.169,1.880,0.532,0.511
(4) LMTK 5%,125,0.284,1.483,0.674,0.594
(4) LMTK 5%,113,0.546,1.682,0.595,0.746
(4) LMTK 5%,102,0.296,2.850,0.351,0.496
(4) LMTK 5%,105,0.348,2.238,0.447,0.702
(4) LMTK 5%,132,0.196,1.576,0.634,0.548
(4) LMTK 5%,171,0.204,2.782,0.360,0.509
(4) LMTK 5%,116,0.215,1.644,0.608,0.480
(4) LMTK 5%,136,0.221,1.428,0.700,0.633
(4) LMTK 5%,266,0.120,2.063,0.485,0.521
(4) LMTK 5%,146,0.233,2.344,0.427,0.518
(4) LMTK 5%,108,0.343,1.379,0.725,0.614
(4) LMTK 5%,119,0.272,2.722,0.367,0.556
(4) LMTK 5%,151,0.215,2.082,0.480,0.493
(4) LMTK 5%,101,0.348,1.522,0.657,0.692
(4) LMTK 5%,152,0.273,1.855,0.539,0.631
(4) LMTK 5%,106,0.150,6.378,0.157,0.530
(4) LMTK 5%,128,0.330,1.577,0.634,0.688
(4) LMTK 5%,203,0.195,2.430,0.411,0.470
(4) LMTK 5%,101,0.303,1.222,0.818,0.639
(4) LMTK 5%,196,0.196,1.853,0.540,0.571
(4) LMTK 5%,285,0.149,1.163,0.860,0.519
(4) LMTK 5%,140,0.358,2.370,0.422,0.683
(4) LMTK 5%,107,0.297,3.171,0.315,0.624
(4) LMTK 5%,114,0.221,1.961,0.510,0.556
(4) LMTK 5%,185,0.222,1.056,0.947,0.641
(4) LMTK 5%,107,0.310,1.365,0.732,0.605
(4) LMTK 5%,160,0.276,1.404,0.712,0.691
(4) LMTK 5%,148,0.303,2.103,0.475,0.599
(4) LMTK 5%,188,0.510,1.590,0.629,0.792
(4) LMTK 5%,117,0.129,5.815,0.172,0.316
(4) LMTK 5%,101,0.466,2.230,0.448,0.721
(4) LMTK 5%,104,0.423,1.249,0.801,0.740
(4) LMTK 5%,161,0.231,2.287,0.437,0.521
(4) LMTK 5%,148,0.221,1.900,0.526,0.565
(4) LMTK 5%,109,0.237,2.140,0.467,0.594
(4) LMTK 5%,101,0.277,2.030,0.493,0.534
(4) LMTK 5%,125,0.411,2.983,0.335,0.698
(4) LMTK 5%,116,0.223,2.863,0.349,0.598
(4) LMTK 5%,113,0.284,3.391,0.295,0.589
(4) LMTK 5%,123,0.427,1.837,0.544,0.668
(4) LMTK 5%,132,0.276,1.443,0.693,0.579
(4) LMTK 5%,125,0.198,2.719,0.368,0.521
(4) LMTK 5%,102,0.607,1.385,0.722,0.756
(4) LMTK 5%,185,0.198,1.595,0.627,0.560
(4) LMTK 5%,147,0.243,1.303,0.767,0.528
(4) LMTK 5%,175,0.215,1.898,0.527,0.555
(4) LMTK 5%,105,0.310,1.640,0.610,0.629
(4) LMTK 5%,177,0.160,2.762,0.362,0.445
(4) LMTK 5%,122,0.279,3.634,0.275,0.525
(4) LMTK 5%,141,0.197,1.319,0.758,0.618
(4) LMTK 5%,110,0.229,2.281,0.438,0.466
(4) LMTK 5%,108,0.611,1.724,0.580,0.824
(4) LMTK 5%,100,0.248,3.033,0.330,0.495
(4) LMTK 5%,146,0.234,1.842,0.543,0.565
(4) LMTK 5%,180,0.148,1.948,0.513,0.519
(4) LMTK 5%,162,0.220,2.484,0.403,0.561
(4) LMTK 5%,106,0.342,1.394,0.717,0.625
(4) LMTK 5%,120,0.442,1.444,0.692,0.762
(4) LMTK 5%,112,0.265,2.403,0.416,0.546
(4) LMTK 5%,134,0.163,1.504,0.665,0.413
(4) LMTK 5%,120,0.206,2.170,0.461,0.510
(4) LMTK 5%,163,0.146,1.692,0.591,0.552
(4) LMTK 5%,107,0.247,1.471,0.680,0.586
(4) LMTK 5%,111,0.301,1.904,0.525,0.577
(4) LMTK 5%,107,0.234,2.049,0.488,0.519
(4) LMTK 5%,106,0.379,1.347,0.742,0.700
(4) LMTK 5%,207,0.125,2.167,0.461,0.442
(4) LMTK 5%,142,0.352,2.568,0.389,0.714
(4) LMTK 5%,138,0.151,1.545,0.647,0.573
(4) LMTK 5%,150,0.235,1.704,0.587,0.521
(5) LMTK 10%,245,0.119,2.828,0.354,0.417
(5) LMTK 10%,116,0.224,2.064,0.484,0.480
(5) LMTK 10%,111,0.142,2.141,0.467,0.496
(5) LMTK 10%,177,0.161,1.980,0.505,0.470
(5) LMTK 10%,108,0.251,1.915,0.522,0.568
(5) LMTK 10%,122,0.213,1.167,0.857,0.521
(5) LMTK 10%,103,0.306,2.491,0.401,0.594
(5) LMTK 10%,172,0.161,1.259,0.794,0.432
(5) LMTK 10%,146,0.203,1.691,0.591,0.554
(5) LMTK 10%,109,0.626,1.287,0.777,0.816
(5) LMTK 10%,381,0.075,1.790,0.559,0.381
(5) LMTK 10%,124,0.330,1.224,0.817,0.631
(5) LMTK 10%,159,0.527,1.120,0.893,0.791
(5) LMTK 10%,116,0.216,1.290,0.775,0.520
(5) LMTK 10%,368,0.138,1.684,0.594,0.403
(5) LMTK 10%,104,0.189,1.522,0.657,0.501
(5) LMTK 10%,110,0.196,1.075,0.930,0.580
(5) LMTK 10%,106,0.187,1.801,0.555,0.421
(5) LMTK 10%,109,0.213,2.815,0.355,0.472
(5) LMTK 10%,112,0.191,2.429,0.412,0.432
(5) LMTK 10%,191,0.164,1.555,0.643,0.530
(5) LMTK 10%,104,0.453,1.161,0.861,0.768
(5) LMTK 10%,155,0.169,2.302,0.434,0.522
(5) LMTK 10%,167,0.213,1.608,0.622,0.524
(5) LMTK 10%,201,0.127,2.099,0.476,0.439
(5) LMTK 10%,199,0.148,2.223,0.450,0.469
(5) LMTK 10%,132,0.294,2.688,0.372,0.606
(5) LMTK 10%,114,0.175,1.836,0.545,0.500
(5) LMTK 10%,134,0.233,3.514,0.285,0.583
(5) LMTK 10%,155,0.207,1.790,0.559,0.551
(5) LMTK 10%,196,0.159,1.843,0.543,0.381
(5) LMTK 10%,116,0.154,2.369,0.422,0.390
(5) LMTK 10%,190,0.220,2.045,0.489,0.599
(5) LMTK 10%,153,0.262,1.660,0.602,0.529
(5) LMTK 10%,102,0.424,1.814,0.551,0.630
(5) LMTK 10%,310,0.090,1.552,0.645,0.502
(5) LMTK 10%,124,0.317,1.218,0.821,0.685
(5) LMTK 10%,214,0.168,1.522,0.657,0.413
(5) LMTK 10%,102,0.303,1.356,0.737,0.600
(5) LMTK 10%,160,0.162,1.732,0.577,0.525
(5) LMTK 10%,218,0.126,3.247,0.308,0.369
(5) LMTK 10%,132,0.252,1.378,0.726,0.603
(5) LMTK 10%,119,0.210,1.402,0.713,0.494
(5) LMTK 10%,175,0.259,1.959,0.511,0.565
(5) LMTK 10%,110,0.182,2.190,0.457,0.455
(5) LMTK 10%,171,0.160,1.578,0.634,0.552
(5) LMTK 10%,100,0.244,1.680,0.595,0.559
(5) LMTK 10%,133,0.170,3.903,0.256,0.458
(5) LMTK 10%,164,0.155,2.143,0.467,0.491
(5) LMTK 10%,199,0.167,1.662,0.602,0.526
(5) LMTK 10%,137,0.181,2.247,0.445,0.491
(5) LMTK 10%,102,0.215,2.182,0.458,0.543
(5) LMTK 10%,234,0.136,1.475,0.678,0.450
(5) LMTK 10%,137,0.241,1.893,0.528,0.621
(5) LMTK 10%,112,0.189,2.101,0.476,0.502
(5) LMTK 10%,156,0.182,1.443,0.693,0.522
(5) LMTK 10%,159,0.127,1.581,0.633,0.486
(5) LMTK 10%,108,0.165,3.934,0.254,0.428
(5) LMTK 10%,112,0.242,2.746,0.364,0.636
(5) LMTK 10%,101,0.308,1.680,0.595,0.614
(5) LMTK 10%,107,0.222,1.675,0.597,0.511
(5) LMTK 10%,120,0.241,1.233,0.811,0.535
(5) LMTK 10%,285,0.090,2.216,0.451,0.405
(5) LMTK 10%,119,0.198,1.739,0.575,0.481
(5) LMTK 10%,100,0.483,1.227,0.815,0.683
(5) LMTK 10%,129,0.245,2.050,0.488,0.620
(5) LMTK 10%,135,0.261,1.371,0.729,0.591
(5) LMTK 10%,100,0.258,1.438,0.695,0.568
(5) LMTK 10%,127,0.312,2.227,0.449,0.562
(5) LMTK 10%,100,0.180,1.726,0.579,0.485
(5) LMTK 10%,163,0.241,2.885,0.347,0.627
(5) LMTK 10%,156,0.194,2.098,0.477,0.599
(5) LMTK 10%,109,0.219,2.208,0.453,0.544
(5) LMTK 10%,152,0.188,3.926,0.255,0.581
(5) LMTK 10%,109,0.342,2.202,0.454,0.659
(5) LMTK 10%,107,0.255,2.044,0.489,0.585
(5) LMTK 10%,173,0.124,2.089,0.479,0.395
(5) LMTK 10%,306,0.099,1.551,0.645,0.535
(5) LMTK 10%,111,0.316,1.472,0.680,0.643
(5) LMTK 10%,147,0.220,1.424,0.702,0.598
(5) LMTK 10%,106,0.226,2.476,0.404,0.597
(5) LMTK 10%,133,0.184,1.559,0.642,0.438
(5) LMTK 10%,325,0.083,2.687,0.372,0.416
(5) LMTK 10%,116,0.355,1.511,0.662,0.619
(5) LMTK 10%,233,0.371,1.953,0.512,0.662
(5) LMTK 10%,124,0.214,1.602,0.624,0.520
(5) LMTK 10%,139,0.213,1.527,0.655,0.462
(5) LMTK 10%,173,0.172,1.468,0.681,0.468
(5) LMTK 10%,111,0.299,1.630,0.614,0.548
(5) LMTK 10%,159,0.189,2.548,0.392,0.474
(5) LMTK 10%,243,0.071,1.024,0.976,0.266
(5) LMTK 10%,153,0.201,1.683,0.594,0.596
(5) LMTK 10%,171,0.162,2.333,0.429,0.505
(5) LMTK 10%,152,0.206,2.184,0.458,0.578
(5) LMTK 10%,107,0.106,2.007,0.498,0.435
(5) LMTK 10%,162,0.137,3.023,0.331,0.444
(5) LMTK 10%,124,0.254,1.485,0.673,0.481
(5) LMTK 10%,164,0.164,1.755,0.570,0.462
(5) LMTK 10%,100,0.236,2.819,0.355,0.442
(5) LMTK 10%,113,0.187,1.207,0.828,0.445
(5) LMTK 10%,139,0.174,3.081,0.325,0.519
(5) LMTK 10%,117,0.535,1.550,0.645,0.748
(5) LMTK 10%,186,0.204,2.520,0.397,0.535
(5) LMTK 10%,112,0.190,1.976,0.506,0.533
(5) LMTK 10%,143,0.267,1.469,0.681,0.579
(5) LMTK 10%,167,0.130,1.715,0.583,0.374
(5) LMTK 10%,111,0.382,1.347,0.742,0.683
(5) LMTK 10%,106,0.529,1.754,0.570,0.757
(5) LMTK 10%,253,0.107,3.338,0.300,0.374
(5) LMTK 10%,123,0.175,3.173,0.315,0.484
(5) LMTK 10%,177,0.199,1.600,0.625,0.515
(5) LMTK 10%,107,0.219,1.250,0.800,0.603
(5) LMTK 10%,101,0.164,1.567,0.638,0.456
(5) LMTK 10%,109,0.223,1.972,0.507,0.479
(5) LMTK 10%,175,0.108,2.211,0.452,0.463
(5) LMTK 10%,138,0.177,2.444,0.409,0.434
(5) LMTK 10%,107,0.139,1.269,0.788,0.424
(5) LMTK 10%,128,0.218,1.886,0.530,0.509
(5) LMTK 10%,152,0.167,2.143,0.467,0.462
(5) LMTK 10%,111,0.218,2.093,0.478,0.485
(5) LMTK 10%,110,0.420,1.830,0.546,0.705
(5) LMTK 10%,165,0.113,1.539,0.650,0.367
(5) LMTK 10%,219,0.107,2.056,0.486,0.323
(5) LMTK 10%,108,0.217,1.416,0.706,0.468
(5) LMTK 10%,125,0.164,1.198,0.835,0.568
(5) LMTK 10%,138,0.244,1.032,0.969,0.622
(5) LMTK 10%,116,0.404,2.139,0.468,0.701
(5) LMTK 10%,189,0.216,2.134,0.469,0.547
(5) LMTK 10%,103,0.274,3.124,0.320,0.542
(5) LMTK 10%,182,0.185,2.119,0.472,0.544
(5) LMTK 10%,109,0.467,1.558,0.642,0.770
(5) LMTK 10%,115,0.323,2.630,0.380,0.610
(5) LMTK 10%,105,0.357,1.981,0.505,0.623
(5) LMTK 10%,191,0.255,1.903,0.526,0.614
(5) LMTK 10%,123,0.268,1.585,0.631,0.639
(5) LMTK 10%,101,0.260,1.667,0.600,0.608
(5) LMTK 10%,191,0.318,3.052,0.328,0.624
(5) LMTK 10%,119,0.391,2.433,0.411,0.702
(5) LMTK 10%,101,0.254,1.548,0.646,0.650
(5) LMTK 10%,123,0.357,1.489,0.671,0.670
(5) LMTK 10%,160,0.250,1.943,0.515,0.562
(5) LMTK 10%,137,0.234,2.617,0.382,0.613
(5) LMTK 10%,148,0.353,1.360,0.735,0.659
(5) LMTK 10%,137,0.307,1.393,0.718,0.608
(5) LMTK 10%,140,0.181,2.128,0.470,0.490
(5) LMTK 10%,103,0.312,1.749,0.572,0.644
(5) LMTK 10%,219,0.170,1.562,0.640,0.463
(5) LMTK 10%,154,0.174,2.483,0.403,0.531
(5) LMTK 10%,113,0.151,1.186,0.843,0.415
(5) LMTK 10%,213,0.118,2.496,0.401,0.421
(5) LMTK 10%,269,0.143,1.820,0.549,0.482
(5) LMTK 10%,117,0.589,1.824,0.548,0.785
(5) LMTK 10%,139,0.171,2.137,0.468,0.461
(5) LMTK 10%,138,0.135,3.974,0.252,0.519
(5) LMTK 10%,137,0.251,1.855,0.539,0.612
(5) LMTK 10%,139,0.199,1.567,0.638,0.572
(5) LMTK 10%,224,0.133,1.329,0.752,0.511
(5) LMTK 10%,189,0.230,1.933,0.517,0.599
(5) LMTK 10%,183,0.306,1.756,0.570,0.654
(5) LMTK 10%,129,0.416,1.470,0.680,0.658
(5) LMTK 10%,120,0.246,1.290,0.775,0.563
(5) LMTK 10%,172,0.161,2.321,0.431,0.461
(5) LMTK 10%,157,0.253,2.262,0.442,0.606
(5) LMTK 10%,110,0.225,2.528,0.396,0.547
(5) LMTK 10%,221,0.162,3.326,0.301,0.531
(5) LMTK 10%,289,0.158,2.174,0.460,0.525
(5) LMTK 10%,104,0.239,2.263,0.442,0.634
(5) LMTK 10%,352,0.389,1.191,0.840,0.769
(5) LMTK 10%,115,0.193,1.636,0.611,0.582
(5) LMTK 10%,209,0.211,2.234,0.448,0.614
(5) LMTK 10%,110,0.262,1.283,0.779,0.606
(5) LMTK 10%,434,0.084,1.918,0.521,0.450
(5) LMTK 10%,162,0.357,1.096,0.913,0.723
(5) LMTK 10%,120,0.222,1.283,0.780,0.539
(5) LMTK 10%,132,0.285,2.683,0.373,0.601
(5) LMTK 10%,103,0.205,3.190,0.313,0.551
(5) LMTK 10%,104,0.208,2.642,0.379,0.456
(5) LMTK 10%,115,0.211,1.855,0.539,0.518
(5) LMTK 10%,199,0.120,2.047,0.489,0.383
(5) LMTK 10%,102,0.205,1.341,0.745,0.557
(5) LMTK 10%,111,0.182,1.999,0.500,0.469
(5) LMTK 10%,100,0.293,1.708,0.585,0.592
(5) LMTK 10%,150,0.347,1.856,0.539,0.647
(5) LMTK 10%,428,0.093,1.468,0.681,0.460
(5) LMTK 10%,133,0.271,1.943,0.515,0.586
(5) LMTK 10%,100,0.190,2.707,0.369,0.458
(5) LMTK 10%,115,0.242,4.721,0.212,0.567
(5) LMTK 10%,159,0.282,2.232,0.448,0.635
(5) LMTK 10%,118,0.665,1.738,0.575,0.852
(5) LMTK 10%,164,0.175,2.327,0.430,0.573
(5) LMTK 10%,145,0.161,1.735,0.576,0.375
(5) LMTK 10%,106,0.289,1.882,0.531,0.654
(5) LMTK 10%,138,0.131,1.659,0.603,0.419
(5) LMTK 10%,125,0.159,1.605,0.623,0.524
(5) LMTK 10%,156,0.131,3.793,0.264,0.421
(5) LMTK 10%,217,0.103,3.089,0.324,0.512
(5) LMTK 10%,250,0.091,1.362,0.734,0.449
(5) LMTK 10%,115,0.147,1.930,0.518,0.383
(5) LMTK 10%,112,0.424,1.443,0.693,0.619
(5) LMTK 10%,178,0.421,1.196,0.836,0.769
(5) LMTK 10%,137,0.343,1.752,0.571,0.670
(5) LMTK 10%,194,0.096,3.375,0.296,0.467
(5) LMTK 10%,136,0.200,1.179,0.849,0.544
(5) LMTK 10%,175,0.295,2.024,0.494,0.612
(5) LMTK 10%,112,0.197,3.131,0.319,0.530
(5) LMTK 10%,102,0.272,2.630,0.380,0.583
(5) LMTK 10%,124,0.195,3.821,0.262,0.425
(5) LMTK 10%,132,0.322,1.219,0.820,0.667
(5) LMTK 10%,114,0.437,1.055,0.948,0.724
(5) LMTK 10%,171,0.169,2.249,0.445,0.483
(5) LMTK 10%,135,0.444,2.064,0.484,0.659
(5) LMTK 10%,103,0.322,2.665,0.375,0.590
(5) LMTK 10%,123,0.193,3.223,0.310,0.457
(5) LMTK 10%,112,0.225,1.151,0.869,0.574
(5) LMTK 10%,115,0.262,1.768,0.566,0.635
(5) LMTK 10%,104,0.210,2.572,0.389,0.621
(5) LMTK 10%,144,0.876,1.126,0.888,0.938
(5) LMTK 10%,114,0.322,1.786,0.560,0.640
(5) LMTK 10%,140,0.193,2.378,0.420,0.446
(5) LMTK 10%,130,0.197,4.290,0.233,0.506
(5) LMTK 10%,155,0.227,1.377,0.726,0.552
(5) LMTK 10%,117,0.238,1.031,0.970,0.591
(5) LMTK 10%,129,0.302,1.371,0.729,0.667
(5) LMTK 10%,108,0.372,3.803,0.263,0.692
(5) LMTK 10%,154,0.218,2.722,0.367,0.501
(5) LMTK 10%,118,0.244,1.452,0.689,0.567
(5) LMTK 10%,105,0.242,2.649,0.378,0.493
(5) LMTK 10%,108,0.199,2.591,0.386,0.441
(5) LMTK 10%,103,0.354,2.171,0.461,0.665
(5) LMTK 10%,218,0.189,2.981,0.335,0.523
(5) LMTK 10%,134,0.259,2.409,0.415,0.605
(5) LMTK 10%,114,0.299,2.738,0.365,0.620
(5) LMTK 10%,138,0.328,2.827,0.354,0.645
(5) LMTK 10%,119,0.228,1.946,0.514,0.515
(5) LMTK 10%,104,0.189,3.393,0.295,0.507
(5) LMTK 10%,113,0.716,1.550,0.645,0.840
(5) LMTK 10%,143,0.297,2.340,0.427,0.692
(5) LMTK 10%,351,0.134,1.583,0.632,0.538
(5) LMTK 10%,104,0.265,1.274,0.785,0.625
(5) LMTK 10%,368,0.072,6.386,0.157,0.415
(5) LMTK 10%,249,0.084,1.510,0.662,0.354
(5) LMTK 10%,109,0.361,2.638,0.379,0.604
(5) LMTK 10%,118,0.219,3.735,0.268,0.513
(5) LMTK 10%,747,0.113,1.625,0.615,0.519
(5) LMTK 10%,190,0.262,2.717,0.368,0.638
(5) LMTK 10%,129,0.300,3.916,0.255,0.648
(5) LMTK 10%,155,0.150,4.709,0.212,0.435
(5) LMTK 10%,161,0.268,1.690,0.592,0.584
(5) LMTK 10%,260,0.222,1.213,0.824,0.592
(5) LMTK 10%,130,0.219,2.878,0.347,0.514
(5) LMTK 10%,159,0.442,1.183,0.846,0.693
(5) LMTK 10%,102,0.398,2.037,0.491,0.644
(5) LMTK 10%,114,0.297,1.248,0.801,0.632
(5) LMTK 10%,105,0.597,1.322,0.756,0.792
(5) LMTK 10%,101,0.504,1.364,0.733,0.687
(5) LMTK 10%,187,0.294,2.606,0.384,0.585
(5) LMTK 10%,136,0.349,1.969,0.508,0.680
(5) LMTK 10%,171,0.225,2.264,0.442,0.596
(5) LMTK 10%,149,0.244,2.680,0.373,0.513
(5) LMTK 10%,225,0.180,2.513,0.398,0.584
(5) LMTK 10%,113,0.293,1.901,0.526,0.695
(5) LMTK 10%,104,0.313,1.116,0.896,0.605
(5) LMTK 10%,115,0.364,1.011,0.989,0.676
(5) LMTK 10%,108,0.372,1.637,0.611,0.667
(5) LMTK 10%,114,0.322,2.896,0.345,0.598
(5) LMTK 10%,158,0.373,1.789,0.559,0.678
(5) LMTK 10%,129,0.248,2.043,0.489,0.623
(5) LMTK 10%,120,0.290,3.135,0.319,0.591
(5) LMTK 10%,175,0.325,2.138,0.468,0.693
(5) LMTK 10%,109,0.331,1.262,0.793,0.632
(5) LMTK 10%,100,0.252,2.102,0.476,0.539
(5) LMTK 10%,153,0.246,2.020,0.495,0.578
(5) LMTK 10%,110,0.275,1.702,0.588,0.599
(5) LMTK 10%,108,0.385,1.787,0.560,0.589
(5) LMTK 10%,238,0.253,3.300,0.303,0.611
(5) LMTK 10%,148,0.312,2.446,0.409,0.612
(5) LMTK 10%,113,0.465,1.503,0.665,0.711
(5) LMTK 10%,122,0.195,1.802,0.555,0.550
(5) LMTK 10%,122,0.252,3.190,0.314,0.541
(5) LMTK 10%,511,0.433,1.218,0.821,0.762
(5) LMTK 10%,134,0.383,2.424,0.412,0.722
(5) LMTK 10%,101,0.233,2.019,0.495,0.501
(5) LMTK 10%,116,0.197,1.999,0.500,0.583
(5) LMTK 10%,100,0.325,1.476,0.678,0.637
(5) LMTK 10%,107,0.327,3.187,0.314,0.590
(5) LMTK 10%,168,0.304,1.572,0.636,0.593
(5) LMTK 10%,121,0.420,3.192,0.313,0.736
(5) LMTK 10%,124,0.172,1.368,0.731,0.523
(5) LMTK 10%,168,0.126,1.229,0.814,0.425
(5) LMTK 10%,197,0.132,3.548,0.282,0.496
(5) LMTK 10%,106,0.319,1.412,0.708,0.635
